"locatorid","cod_ubigeo","cod_departamento","desc_departamento","cod_provincia","desc_provincia","cod_distrito","desc_distrito","cod_tipo_zona_courier","desc_tipo_zona_courier","ind_residencia_lima_callao","ind_residencia_lima_moderna","region"
"1559","150902","15","LIMA","1509","OYON","150902","ANDAJES","2091","FUERA DE ZONA","1","0","Lima"
"1566","151002","15","LIMA","1510","YAUYOS","151002","ALIS","2091","FUERA DE ZONA","1","0","Lima"
"1151","120108","12","JUNIN","1201","HUANCAYO","120108","CHONGOS ALTO","2093","PERIFERIA","0","0","Centro Sur"
"1229","120432","12","JUNIN","1204","JAUJA","120432","TUNAN MARCA","2091","FUERA DE ZONA","0","0","Centro Sur"
"167","020907","02","ANCASH","0209","CORONGO","020907","YUPAN","2091","FUERA DE ZONA","0","0","Centro Norte"
"126","020503","02","ANCASH","0205","BOLOGNESI","020503","ANTONIO RAYMONDI","2091","FUERA DE ZONA","0","0","Centro Norte"
"199","021208","02","ANCASH","0212","HUAYLAS","021208","SANTA CRUZ","2091","FUERA DE ZONA","0","0","Centro Norte"
"225","021503","02","ANCASH","0215","PALLASCA","021503","CONCHUCOS","2091","FUERA DE ZONA","0","0","Centro Norte"
"52","010504","01","AMAZONAS","0105","LUYA","010504","COLCAMAR","2091","FUERA DE ZONA","0","0","Centro Norte"
"463","040602","04","AREQUIPA","0406","CONDESUYOS","040602","ANDARAY","2091","FUERA DE ZONA","0","0","Sur"
"722","061001","06","CAJAMARCA","0610","SAN MARCOS","061001","PEDRO GALVEZ","2094","RUTA","0","0","Norte"
"794","080307","08","CUSCO","0803","ANTA","080307","MOLLEPATA","2091","FUERA DE ZONA","0","0","Sur"
"1065","100704","10","HUANUCO","1007","MARAÑON","100704","LA MORADA","SV","SV","0","0","Centro Sur"
"1849","210308","21","PUNO","2103","CARABAYA","210308","OLLACHEA","2091","FUERA DE ZONA","0","0","Sur"
"2066","240302","24","TUMBES","2403","ZARUMILLA","240302","AGUAS VERDES","2094","RUTA","0","0","Norte"
"1456","150139","15","LIMA","1501","LIMA","150139","SANTA ROSA","2094","RUTA","1","0","Lima"
"1506","150608","15","LIMA","1506","HUARAL","150608","PACARAOS","2091","FUERA DE ZONA","1","0","Lima"
"1531","150720","15","LIMA","1507","HUAROCHIRI","150720","SAN JUAN DE TANTARANCHE","2091","FUERA DE ZONA","1","0","Lima"
"1246","120609","12","JUNIN","1206","SATIPO","120609","VIZCATAN DEL ENE","SV","SV","0","0","Centro Sur"
"1238","120601","12","JUNIN","1206","SATIPO","120601","SATIPO","2094","RUTA","0","0","Centro Sur"
"1198","120401","12","JUNIN","1204","JAUJA","120401","JAUJA","2094","RUTA","0","0","Centro Sur"
"224","021502","02","ANCASH","0215","PALLASCA","021502","BOLOGNESI","2091","FUERA DE ZONA","0","0","Centro Norte"
"1292","130201","13","LA LIBERTAD","1302","ASCOPE","130201","ASCOPE","2094","RUTA","0","0","Norte"
"1138","110503","11","ICA","1105","PISCO","110503","HUMAY","2091","FUERA DE ZONA","0","0","Centro Sur"
"1722","190206","19","PASCO","1902","DANIEL ALCIDES CARRION","190206","SANTA ANA DE TUSI","2091","FUERA DE ZONA","0","0","Centro Sur"
"76","010604","01","AMAZONAS","0106","RODRIGUEZ DE MENDOZA","010604","HUAMBO","2091","FUERA DE ZONA","0","0","Centro Norte"
"424","040313","04","AREQUIPA","0403","CARAVELI","040313","YAUCA","2091","FUERA DE ZONA","0","0","Sur"
"2063","240203","24","TUMBES","2402","CONTRALMIRANTE VILLAR","240203","CANOAS DE PUNTA SAL","2094","RUTA","0","0","Norte"
"1155","120114","12","JUNIN","1201","HUANCAYO","120114","EL TAMBO","2092","LOCAL","0","0","Centro Sur"
"547","050604","05","AYACUCHO","0506","LUCANAS","050604","CARMEN SALCEDO","2091","FUERA DE ZONA","0","0","Centro Sur"
"178","021010","02","ANCASH","0210","HUARI","021010","PAUCAS","2091","FUERA DE ZONA","0","0","Centro Norte"
"1320","130605","13","LA LIBERTAD","1306","OTUZCO","130605","HUARANCHAL","2091","FUERA DE ZONA","0","0","Norte"
"1340","130807","13","LA LIBERTAD","1308","PATAZ","130807","ONGON","2091","FUERA DE ZONA","0","0","Norte"
"311","030220","03","APURIMAC","0302","ANDAHUAYLAS","030220","JOSE MARIA ARGUEDAS","SV","SV","0","0","Sur"
"346","030601","03","APURIMAC","0306","CHINCHEROS","030601","CHINCHEROS","2091","FUERA DE ZONA","0","0","Sur"
"1783","200506","20","PIURA","2005","PAITA","200506","TAMARINDO","2091","FUERA DE ZONA","0","0","Norte"
"975","090612","09","HUANCAVELICA","0906","HUAYTARA","090612","SAN ISIDRO","2091","FUERA DE ZONA","0","0","Centro Sur"
"1670","170202","17","MADRE DE DIOS","1702","MANU","170202","FITZCARRALD","2091","FUERA DE ZONA","0","0","Sur"
"649","060311","06","CAJAMARCA","0603","CELENDIN","060311","UTCO","2091","FUERA DE ZONA","0","0","Norte"
"682","060602","06","CAJAMARCA","0606","CUTERVO","060602","CALLAYUC","2091","FUERA DE ZONA","0","0","Norte"
"776","080106","08","CUSCO","0801","CUSCO","080106","SANTIAGO","2092","LOCAL","0","0","Sur"
"790","080303","08","CUSCO","0803","ANTA","080303","CACHIMAYO","2093","PERIFERIA","0","0","Sur"
"843","080901","08","CUSCO","0809","LA CONVENCION","080901","SANTA ANA","2094","RUTA","0","0","Sur"
"1023","100207","10","HUANUCO","1002","AMBO","100207","SAN RAFAEL","2094","RUTA","0","0","Centro Sur"
"1027","100307","10","HUANUCO","1003","DOS DE MAYO","100307","CHUQUIS","2091","FUERA DE ZONA","0","0","Centro Sur"
"1826","210201","21","PUNO","2102","AZANGARO","210201","AZANGARO","2094","RUTA","0","0","Sur"
"1920","211208","21","PUNO","2112","SANDIA","211208","YANAHUAYA","2091","FUERA DE ZONA","0","0","Sur"
"1540","150729","15","LIMA","1507","HUAROCHIRI","150729","SANTIAGO DE ANCHUCAYA","2091","FUERA DE ZONA","1","0","Lima"
"1150","120107","12","JUNIN","1201","HUANCAYO","120107","CHILCA","2092","LOCAL","0","0","Centro Sur"
"1230","120433","12","JUNIN","1204","JAUJA","120433","YAULI","2094","RUTA","0","0","Centro Sur"
"1205","120408","12","JUNIN","1204","JAUJA","120408","HUAMALI","2094","RUTA","0","0","Centro Sur"
"212","021401","02","ANCASH","0214","OCROS","021401","OCROS","2091","FUERA DE ZONA","0","0","Centro Norte"
"114","020301","02","ANCASH","0203","ANTONIO RAYMONDI","020301","LLAMELLIN","2091","FUERA DE ZONA","0","0","Centro Norte"
"898","090103","09","HUANCAVELICA","0901","HUANCAVELICA","090103","ACORIA","2091","FUERA DE ZONA","0","0","Centro Sur"
"1647","160604","16","LORETO","1606","UCAYALI","160604","PAMPA HERMOSA","2091","FUERA DE ZONA","0","0","Centro Norte"
"1691","180206","18","MOQUEGUA","1802","GENERAL SANCHEZ CERRO","180206","LLOQUE","2091","FUERA DE ZONA","0","0","Sur"
"709","060809","06","CAJAMARCA","0608","JAEN","060809","SALLIQUE","2091","FUERA DE ZONA","0","0","Norte"
"683","060603","06","CAJAMARCA","0606","CUTERVO","060603","CHOROS","2091","FUERA DE ZONA","0","0","Norte"
"1006","100104","10","HUANUCO","1001","HUANUCO","100104","CHURUBAMBA","2094","RUTA","0","0","Centro Sur"
"1054","100602","10","HUANUCO","1006","LEONCIO PRADO","100602","DANIEL ALOMIA ROBLES","2091","FUERA DE ZONA","0","0","Centro Sur"
"1847","210306","21","PUNO","2103","CARABAYA","210306","CRUCERO","2091","FUERA DE ZONA","0","0","Sur"
"1578","151014","15","LIMA","1510","YAUYOS","151014","HUANCAYA","2091","FUERA DE ZONA","1","0","Lima"
"1534","150723","15","LIMA","1507","HUAROCHIRI","150723","SAN MATEO DE OTAO","2091","FUERA DE ZONA","1","0","Lima"
"1496","150515","15","LIMA","1505","CAÑETE","150515","SANTA CRUZ DE FLORES","2091","FUERA DE ZONA","1","0","Lima"
"1223","120426","12","JUNIN","1204","JAUJA","120426","POMACANCHA","2091","FUERA DE ZONA","0","0","Centro Sur"
"147","020608","02","ANCASH","0206","CARHUAZ","020608","SAN MIGUEL DE ACO","2091","FUERA DE ZONA","0","0","Centro Norte"
"1113","110202","11","ICA","1102","CHINCHA","110202","ALTO LARAN","2093","PERIFERIA","0","0","Centro Sur"
"292","030201","03","APURIMAC","0302","ANDAHUAYLAS","030201","ANDAHUAYLAS","2091","FUERA DE ZONA","0","0","Sur"
"359","030703","03","APURIMAC","0307","GRAU","030703","GAMARRA","2091","FUERA DE ZONA","0","0","Sur"
"2075","250105","25","UCAYALI","2501","CORONEL PORTILLO","250105","YARINACOCHA","2092","LOCAL","0","0","Centro Norte"
"1984","220707","22","SAN MARTIN","2207","PICOTA","220707","SAN HILARION","2094","RUTA","0","0","Centro Norte"
"869","081103","08","CUSCO","0811","PAUCARTAMBO","081103","CHALLABAMBA","2091","FUERA DE ZONA","0","0","Sur"
"1888","210802","21","PUNO","2108","MELGAR","210802","ANTAUTA","2091","FUERA DE ZONA","0","0","Sur"
"1916","211204","21","PUNO","2112","SANDIA","211204","PATAMBUCO","2091","FUERA DE ZONA","0","0","Sur"
"1485","150504","15","LIMA","1505","CAÑETE","150504","CERRO AZUL","2094","RUTA","1","0","Lima"
"1516","150705","15","LIMA","1507","HUAROCHIRI","150705","CHICLA","2091","FUERA DE ZONA","1","0","Lima"
"188","021103","02","ANCASH","0211","HUARMEY","021103","CULEBRAS","2093","PERIFERIA","0","0","Centro Norte"
"177","021009","02","ANCASH","0210","HUARI","021009","MASIN","2091","FUERA DE ZONA","0","0","Centro Norte"
"1343","130810","13","LA LIBERTAD","1308","PATAZ","130810","PIAS","2091","FUERA DE ZONA","0","0","Norte"
"1125","110302","11","ICA","1103","NAZCA","110302","CHANGUILLO","2091","FUERA DE ZONA","0","0","Centro Sur"
"1947","220301","22","SAN MARTIN","2203","EL DORADO","220301","SAN JOSE DE SISA","2091","FUERA DE ZONA","0","0","Centro Norte"
"1066","100705","10","HUANUCO","1007","MARAÑON","100705","SANTA ROSA DE ALTO YANAJANCA","SV","SV","0","0","Centro Sur"
"2059","240106","24","TUMBES","2401","TUMBES","240106","SAN JUAN DE LA VIRGEN","2094","RUTA","0","0","Norte"
"1233","120501","12","JUNIN","1205","JUNIN","120501","JUNIN","2094","RUTA","0","0","Centro Sur"
"184","021016","02","ANCASH","0210","HUARI","021016","UCO","2091","FUERA DE ZONA","0","0","Centro Norte"
"1122","110211","11","ICA","1102","CHINCHA","110211","TAMBO DE MORA","2093","PERIFERIA","0","0","Centro Sur"
"1097","110101","11","ICA","1101","ICA","110101","ICA","2092","LOCAL","0","0","Centro Sur"
"430","040405","04","AREQUIPA","0404","CASTILLA","040405","CHILCAYMARCA","2091","FUERA DE ZONA","0","0","Sur"
"966","090603","09","HUANCAVELICA","0906","HUAYTARA","090603","CORDOVA","2091","FUERA DE ZONA","0","0","Centro Sur"
"1938","220106","22","SAN MARTIN","2201","MOYOBAMBA","220106","YANTALO","2091","FUERA DE ZONA","0","0","Centro Norte"
"691","060611","06","CAJAMARCA","0606","CUTERVO","060611","SANTA CRUZ","2091","FUERA DE ZONA","0","0","Norte"
"848","080906","08","CUSCO","0809","LA CONVENCION","080906","QUELLOUNO","2091","FUERA DE ZONA","0","0","Sur"
"1919","211207","21","PUNO","2112","SANDIA","211207","SAN JUAN DEL ORO","2091","FUERA DE ZONA","0","0","Sur"
"1549","150805","15","LIMA","1508","HUAURA","150805","HUALMAY","2094","RUTA","1","0","Lima"
"1449","150132","15","LIMA","1501","LIMA","150132","SAN JUAN DE LURIGANCHO","2092","LOCAL","1","0","Lima"
"580","050806","05","AYACUCHO","0508","PAUCAR DEL SARA SARA","050806","OYOLO","2091","FUERA DE ZONA","0","0","Centro Sur"
"1615","160202","16","LORETO","1602","ALTO AMAZONAS","160202","BALSAPUERTO","2091","FUERA DE ZONA","0","0","Centro Norte"
"758","061310","06","CAJAMARCA","0613","SANTA CRUZ","061310","UTICYACU","2091","FUERA DE ZONA","0","0","Norte"
"1080","101002","10","HUANUCO","1010","LAURICOCHA","101002","BAÑOS","2091","FUERA DE ZONA","0","0","Centro Sur"
"1064","100703","10","HUANUCO","1007","MARAÑON","100703","SAN BUENAVENTURA","2091","FUERA DE ZONA","0","0","Centro Sur"
